{
  "mean": {
    "avg_order_value": 180.86132134956947,
    "sales_volatility": 299.54743130644664,
    "num_orders": 179.44444444444446,
    "num_transactions": 179.44444444444446,
    "sales_lag_1": 31259.058608333333,
    "sales_lag_2": 29827.695836111114,
    "sales_lag_3": 29257.826113888892,
    "sales_lag_6": 26898.247958333333,
    "sales_lag_12": 24376.865569444442,
    "sales_rolling_mean_3": 31388.59968888889,
    "sales_rolling_std_3": 11476.371805844754,
    "sales_rolling_min_3": 20935.18616666667,
    "sales_rolling_max_3": 42271.724711111114,
    "sales_rolling_mean_6": 29889.27886388889,
    "sales_rolling_std_6": 12892.659644087304,
    "sales_rolling_min_6": 15735.47108611111,
    "sales_rolling_max_6": 47686.84034444445,
    "sales_rolling_mean_12": 28377.496288975366,
    "sales_rolling_std_12": 14225.657548076728,
    "sales_rolling_min_12": 9313.924388888887,
    "sales_rolling_max_12": 52972.29089722222,
    "year": 2016.0,
    "month": 6.5,
    "quarter": 2.5,
    "year_month": 201606.5,
    "month_sin": -2.530731040568235e-17,
    "month_cos": -4.9343245538895844e-17,
    "quarter_sin": -1.9070629087032778e-18,
    "quarter_cos": -3.700743415417188e-17,
    "time_index": 17.5,
    "mom_growth": 0.27888743290217566,
    "yoy_growth": 0.11494385086715653,
    "macd": 3849.2125117787873,
    "momentum_3": 4642.475355555555,
    "momentum_6": 6822.656327777778,
    "diff_from_mean_3": 1789.222641666664,
    "diff_from_mean_6": 3288.5434666666656,
    "diff_from_mean_12": 4800.326041580187,
    "sales_zscore": -0.17372228968419223,
    "sales_percentile": 0.4635416666666667,
    "month_time_interaction": 125.66666666666667,
    "quarter_year_interaction": 5040.0,
    "volatility_momentum": 1620319.3698238523
  },
  "std": {
    "avg_order_value": 24.81464164525136,
    "sales_volatility": 43.3057918608933,
    "num_orders": 86.25326310827549,
    "num_transactions": 86.25326310827549,
    "sales_lag_1": 16101.913581166424,
    "sales_lag_2": 15462.623461940493,
    "sales_lag_3": 15750.067275086572,
    "sales_lag_6": 15589.700605897453,
    "sales_lag_12": 16315.307462712983,
    "sales_rolling_mean_3": 12023.458459543119,
    "sales_rolling_std_3": 7713.210075980725,
    "sales_rolling_min_3": 8574.001931242787,
    "sales_rolling_max_3": 16812.229533337995,
    "sales_rolling_mean_6": 9440.333389827912,
    "sales_rolling_std_6": 5982.204272975061,
    "sales_rolling_min_6": 7873.067811601838,
    "sales_rolling_max_6": 16760.001959933536,
    "sales_rolling_mean_12": 7368.24056175444,
    "sales_rolling_std_12": 3850.000805374515,
    "sales_rolling_min_12": 3953.2930963096383,
    "sales_rolling_max_12": 16144.372768599345,
    "year": 0.828078671210825,
    "month": 3.5010202594590707,
    "quarter": 1.1338934190276817,
    "year_month": 82.88184360883872,
    "month_sin": 0.7171371656006361,
    "month_cos": 0.7171371656006361,
    "quarter_sin": 0.7171371656006361,
    "quarter_cos": 0.7171371656006361,
    "time_index": 10.535653752852738,
    "mom_growth": 1.0563282339948292,
    "yoy_growth": 0.2868996650742146,
    "macd": 2219.9185466343365,
    "momentum_3": 20181.322920787865,
    "momentum_6": 22274.336249401043,
    "diff_from_mean_3": 11927.778606264686,
    "diff_from_mean_6": 14492.060696424007,
    "diff_from_mean_12": 15811.361074572857,
    "sales_zscore": 0.9010771148749996,
    "sales_percentile": 0.2842324232674871,
    "month_time_interaction": 111.9065937033458,
    "quarter_year_interaction": 2285.9302576537943,
    "volatility_momentum": 5740961.524857154
  },
  "min": {
    "avg_order_value": 98.25852173913044,
    "sales_volatility": 199.68651429519767,
    "num_orders": 46.0,
    "num_transactions": 46.0,
    "sales_lag_1": 4519.892,
    "sales_lag_2": 4519.892,
    "sales_lag_3": 4519.892,
    "sales_lag_6": 4519.892,
    "sales_lag_12": 4519.892,
    "sales_rolling_mean_3": 8075.8895,
    "sales_rolling_std_3": 0.0,
    "sales_rolling_min_3": 4519.892,
    "sales_rolling_max_3": 11631.887,
    "sales_rolling_mean_6": 8075.8895,
    "sales_rolling_std_6": 0.0,
    "sales_rolling_min_6": 4519.892,
    "sales_rolling_max_6": 11631.887,
    "sales_rolling_mean_12": 8075.8895,
    "sales_rolling_std_12": 0.0,
    "sales_rolling_min_12": 4519.892,
    "sales_rolling_max_12": 11631.887,
    "year": 2015.0,
    "month": 1.0,
    "quarter": 1.0,
    "year_month": 201501.0,
    "month_sin": -1.0,
    "month_cos": -1.0,
    "quarter_sin": -1.0,
    "quarter_cos": -1.0,
    "time_index": 0.0,
    "mom_growth": -0.7911509958287789,
    "yoy_growth": -0.3383363043213583,
    "macd": -567.3386324786334,
    "momentum_3": -50862.493700000006,
    "momentum_6": -38653.4982,
    "diff_from_mean_3": -30281.689333333336,
    "diff_from_mean_6": -26776.415416666663,
    "diff_from_mean_12": -20929.878891666667,
    "sales_zscore": -1.630211910308463,
    "sales_percentile": 0.0208333333333333,
    "month_time_interaction": 0.0,
    "quarter_year_interaction": 2015.0,
    "volatility_momentum": -11846398.361741252
  },
  "max": {
    "avg_order_value": 240.91755522388056,
    "sales_volatility": 399.0989058125839,
    "num_orders": 361.0,
    "num_transactions": 361.0,
    "sales_lag_1": 63160.9468,
    "sales_lag_2": 62168.5292,
    "sales_lag_3": 62168.5292,
    "sales_lag_6": 62168.5292,
    "sales_lag_12": 62168.5292,
    "sales_rolling_mean_3": 58671.84160000001,
    "sales_rolling_std_3": 26520.589428795687,
    "sales_rolling_min_3": 32223.758,
    "sales_rolling_max_3": 80707.381,
    "sales_rolling_mean_6": 49309.33323333333,
    "sales_rolling_std_6": 21715.483755458277,
    "sales_rolling_min_6": 27655.1443,
    "sales_rolling_max_6": 80707.381,
    "sales_rolling_mean_12": 38034.75728333333,
    "sales_rolling_std_12": 19503.980472210937,
    "sales_rolling_min_12": 14228.865,
    "sales_rolling_max_12": 80707.381,
    "year": 2017.0,
    "month": 12.0,
    "quarter": 4.0,
    "year_month": 201712.0,
    "month_sin": 1.0,
    "month_cos": 1.0,
    "quarter_sin": 1.0,
    "quarter_cos": 1.0,
    "time_index": 35.0,
    "mom_growth": 5.430991492717083,
    "yoy_growth": 1.081782263824003,
    "macd": 9061.894874949396,
    "momentum_3": 35505.8025,
    "momentum_6": 48483.62299999999,
    "diff_from_mean_3": 22035.539399999987,
    "diff_from_mean_6": 31398.047766666663,
    "diff_from_mean_12": 42672.62371666666,
    "sales_zscore": 2.241885120774473,
    "sales_percentile": 0.9791666666666666,
    "month_time_interaction": 420.0,
    "quarter_year_interaction": 8068.0,
    "volatility_momentum": 11826762.106928872
  },
  "target_mean": 33177.82233055556,
  "target_std": 17729.618402277156
}